<?xml version="1.0" ?>
<manifest identifier="YwB-8EQ3FBHY8pPvrpzcjQHNN-a25B2CanZUvvqb" version="1"
  xmlns="http://www.imsproject.org/xsd/imscp_rootv1p1p2"
  xmlns:adlcp="http://www.adlnet.org/xsd/adlcp_rootv1p2"
  xmlns:xsi="http://www.w3.org/2001/XMLSchema-instance"
  xsi:schemaLocation="http://www.imsproject.org/xsd/imscp_rootv1p1p2 imscp_rootv1p1p2.xsd
                      http://www.adlnet.org/xsd/adlcp_rootv1p2 adlcp_rootv1p2.xsd">
  <metadata>
    <schema>ADL SCORM</schema>
    <schemaversion>1.2</schemaversion>
    <adlcp:location>metadata.xml</adlcp:location>
  </metadata>
  <organizations default="articulate_rise">
      <organization identifier="articulate_rise">
      <title>Employee Health and Wellness (Sample Course)</title>
      <item identifier="i1" identifierref="r1" isvisible="true">
        <title>Employee Health and Wellness (Sample Course)</title>
        <adlcp:datafromlms>eyJjcHYiOiJhblpVdnZxYiIsInJsZCI6ZmFsc2V9</adlcp:datafromlms>
      </item>
    </organization>
  </organizations>
  <resources>
    <resource identifier="r1" type="webcontent" adlcp:scormtype="sco" href="scormdriver/indexAPI.html">
      <!-- SCORMDRIVER STUFF -->
      <file href="scormdriver/indexAPI.html" />
      <file href="scormdriver/preloadIntegrity.js" />
      <file href="scormdriver/driverOptions.js" />
      <file href="scormdriver/AICCComm.html" />
      <file href="scormdriver/auto-scripts/AutoBookmark.js" />
      <file href="scormdriver/auto-scripts/AutoCompleteSCO.js" />
      <file href="scormdriver/auto-scripts/CourseExit.js" />
      <file href="scormdriver/blank.html" />
      <file href="scormdriver/goodbye.html" />
      <file href="scormdriver/scormdriver.js" />
      <file href="scormdriver/browsersniff.js" />

      <!-- RUNTIME COMMON STUFF -->
      <file href="scormcontent/index.html" />
      <file href="scormcontent/lib/main.bundle.js"/>

      
        <file href="scormcontent/lib/fonts/icomoon.ttf"/>
        <file href="scormcontent/lib/fonts/icomoon.woff"/>

        <file href="scormcontent/lib/icomoon.css"/>
        <file href="scormcontent/lib/main.bundle.css"/>
        <file href="scormcontent/lib/player-0.0.11.min.js"/>
        <file href="scormcontent/lib/lzwcompress.js"/>
      

      <!-- RUNTIME CONTENT STUFF -->
      <file href="scormcontent/assets/assets/player-interface.js" />
<file href="scormcontent/assets/assets/rise/assets/sample-course-v2/storyline-block-sample/html5/data/css/output.min.css" />
<file href="scormcontent/assets/assets/rise/assets/sample-course-v2/storyline-block-sample/html5/data/js/6N4hPBVGSVB.js" />
<file href="scormcontent/assets/assets/rise/assets/sample-course-v2/storyline-block-sample/html5/data/js/data.js" />
<file href="scormcontent/assets/assets/rise/assets/sample-course-v2/storyline-block-sample/html5/data/js/frame.js" />
<file href="scormcontent/assets/assets/rise/assets/sample-course-v2/storyline-block-sample/html5/data/js/paths.js" />
<file href="scormcontent/assets/assets/rise/assets/sample-course-v2/storyline-block-sample/html5/lib/scripts/app.min.js" />
<file href="scormcontent/assets/assets/rise/assets/sample-course-v2/storyline-block-sample/html5/lib/stylesheets/main.min.css" />
<file href="scormcontent/assets/assets/rise/assets/sample-course-v2/storyline-block-sample/html5/lib/stylesheets/mobile-fonts/open-sans-bold.woff" />
<file href="scormcontent/assets/assets/rise/assets/sample-course-v2/storyline-block-sample/html5/lib/stylesheets/mobile-fonts/open-sans-light.woff" />
<file href="scormcontent/assets/assets/rise/assets/sample-course-v2/storyline-block-sample/html5/lib/stylesheets/mobile-fonts/open-sans-regular.woff" />
<file href="scormcontent/assets/assets/rise/assets/sample-course-v2/storyline-block-sample/meta.xml" />
<file href="scormcontent/assets/assets/rise/assets/sample-course-v2/storyline-block-sample/mobile/5gf7UmNtcKU_80_B-10_DX1542_DY1542_CX1156_CY772.jpg" />
<file href="scormcontent/assets/assets/rise/assets/sample-course-v2/storyline-block-sample/story.html" />
<file href="scormcontent/assets/assets/rise/assets/sample-course-v2/storyline-block-sample/story_content/blank.html" />
<file href="scormcontent/assets/assets/rise/assets/sample-course-v2/storyline-block-sample/story_content/frame.json" />
<file href="scormcontent/assets/assets/rise/assets/sample-course-v2/storyline-block-sample/story_content/story.js" />
<file href="scormcontent/assets/assets/rise/assets/sample-course-v2/storyline-block-sample/story_content/thumbnail.jpg" />
<file href="scormcontent/assets/assets/rise/assets/sample-course-v2/storyline-block-sample/story_content/user.js" />
<file href="scormcontent/assets/assets/rise/assets/sample-course-v2/storyline-block-sample/story_html5.html" />
<file href="scormcontent/assets/assets/rise/assets/sample-course-v2/storyline-block-sample/threeSixty.json" />
<file href="scormcontent/lib/fonts/Lato-Black.woff" />
<file href="scormcontent/lib/fonts/Lato-Italic.woff" />
<file href="scormcontent/lib/fonts/Lato-Bold.woff" />
<file href="scormcontent/lib/fonts/Lato-Regular.woff" />
<file href="scormcontent/lib/fonts/Lato-Light.woff" />
<file href="scormcontent/lib/fonts/Merriweather-Black.woff" />
<file href="scormcontent/lib/fonts/Merriweather-Italic.woff" />
<file href="scormcontent/lib/fonts/Merriweather-Bold.woff" />
<file href="scormcontent/lib/fonts/Merriweather-Regular.woff" />
<file href="scormcontent/lib/fonts/Merriweather-Light.woff" />
<file href="scormcontent/assets/Ze3T0XudghAUMLVa_small.png" />
<file href="scormcontent/assets/xh4ZVTBBlUkYl3ML_stressed.jpg" />
<file href="scormcontent/assets/FKOJRTyuDg6VZhg3_healthy-meal.mp3" />
<file href="scormcontent/assets/jW3XgoHWefiKA8l2_healthy-meal.jpg" />
<file href="scormcontent/assets/XqvXaUeux_VRXIHW_harbor-canoe.jpg" />
<file href="scormcontent/assets/taMmDRW-8YPqKrIG_women-at-window.jpg" />
<file href="scormcontent/assets/p9GpYjLlbD_IgQ22_on-shore.jpg" />
<file href="scormcontent/assets/rKBZ41nxfeiQOyq-_wellness-plan.pdf" />
<file href="scormcontent/assets/TfeCaP3kYDF1AFaI_family-eating.jpg" />
<file href="scormcontent/assets/mMMXDhfCsnCP-AEg_fruit.jpg" />
<file href="scormcontent/assets/MLQjgd88mTchjd00_reading.jpg" />
<file href="scormcontent/assets/xfRUx-fF90aqAIfq_rock-climbing.jpg" />
<file href="scormcontent/assets/Lyt32oFGBp_tAtxF_basketball.jpg" />
<file href="scormcontent/assets/dgF2-4R2aI4rmbbU_beach-yoga.jpg" />
<file href="scormcontent/assets/QcfIHzmwc-0sksUS_breakfast.jpg" />
<file href="scormcontent/assets/G9KMX_CcHKteiUx3_avocado.jpg" />
<file href="scormcontent/assets/lL84PaJ9W9ILXiZL_strawberries.mp3" />
<file href="scormcontent/assets/c1k-ZU7bpCRo1Qhh_strawberries.jpg" />
<file href="scormcontent/assets/TfU301m3qIi0DGpD_stretching.png" />
<file href="scormcontent/assets/F75-Ve5LbLTm7t75_stretching.mp4" />
<file href="scormcontent/assets/70Xnf1YSWoQ4vbKK_neck-pain.jpg" />
<file href="scormcontent/assets/POM6gcah5ysi3NpJ_stress-pain.jpg" />
<file href="scormcontent/assets/Klv8nY9CDXWnevc7_sad.jpg" />
<file href="scormcontent/assets/k9tAiJaUYADlOWPV_story.html" />
<file href="scormcontent/assets/SYOzALxg5RFonn2G_avatar.jpg" />
<file href="scormcontent/assets/1PKqflErv118UKWx_volleyball.jpg" />
<file href="scormcontent/assets/QFaNuxLMJQKb1XIl_hammock.jpg" />
<file href="scormcontent/assets/KnlX0s9WpMrJkvVF_gym.jpg" />
<file href="scormcontent/assets/qYcqyLPB8GD5tDEc_plate.jpg" />
<file href="scormcontent/assets/eT3McVaUalbBkBXz_on-mountain.jpg" />
<file href="scormcontent/assets/xhq9iM-KX1fC3Ve9_13_tech.jpg" />
<file href="scormcontent/assets/8sqMrrdAW4PL3Y0T_example-header-image.jpg" />
<file href="scormcontent/assets/NJa_2WOum9zhwkTL_159_full.png" />
<file href="scormcontent/assets/WEFiCew-ZNvdr5gF_200_full.png" />
<file href="scormcontent/assets/bnGmmugmK4kMXN8B_204_full.png" />
<file href="scormcontent/assets/D1kwOPL72c-Bj3OJ_210_full.png" />
<file href="scormcontent/assets/RUbuDcbVoFfWjlI7_186_full.png" />
<file href="scormcontent/assets/lSXqYFAc0HVL_y7A_110_full.png" />
<file href="scormcontent/assets/nh9xu6uBci99sAV4_167_full.png" />
<file href="scormcontent/assets/053nk_kxIfNTw8aI_194_full.png" />
<file href="scormcontent/assets/iCiF2wZA2dStCAKP_206_full.png" />
<file href="scormcontent/assets/AzW3BTdEednVVfU1_163_full.png" />
<file href="scormcontent/assets/GQAdJqTh6T52-r1B_235_full.png" />
<file href="scormcontent/assets/NKjIdwLwCElv_z6U_220_full.png" />
<file href="scormcontent/assets/c46-Y-33E7lb9cS6_191_full.png" />
<file href="scormcontent/assets/yhaVhl4XnvUu9HN3_234_full.png" />
<file href="scormcontent/assets/Jy024mNfP9xMt3VV_176_full.png" />
<file href="scormcontent/assets/FScrSLFOCH8xwLqI_222_full.png" />

    </resource>
  </resources>
</manifest>
