﻿<?xml version="1.0" encoding="utf-8"?><meta xmlns:xsi="http://www.w3.org/2001/XMLSchema-instance" xmlns:xsd="http://www.w3.org/2001/XMLSchema"><project id="6UUBeijsxFC" courseid="68YkEDVE6YL" thumburl="story_content/thumbnail.jpg" title="IAmSteveJobs" datepublished="2023-08-06T12:16:00" version="1.0.0.0" flashdata="story_content/data.swf" html5data="mobile/data.json" mobiledata="mobile/data.gz" enabledownload="false" duration="About 15 seconds" totalaudio="0" totalvideo="0"><description>Why did I make Apple</description><keywords /><slidemeta moniker="slide" monikerplural="slides" viewslides="3" slidecountdescription="3 slides" /><author name="Ali Shuaib" email="" website="" /><application name="Articulate Storyline" version="3.78.30747.0" xmlversion="4.0" /></project></meta>